file,S,N,sum_A,min_S_per_N,var_S_per_N,mean_S_per_N,est_p,fragility,web_type,dispersion,robustness,robustness_hat,residRf,log10d,web_type_fac,.fitted,.resid,fstar,resid_fstar
data/A_HP_001.csv,18,9,53,1,21.11111111111111,5.888888888888889,0.3271604938271605,0.308059327800672,HP,2.4120661542045188,0.441,0.6898187750355816,-0.2509406721993279,0.38238921475003257,HP,-0.12386231841889898,-0.12707835378042892,0.431921646219571,0.009078353780428983
data/A_HP_002.csv,24,17,86,1,6.4338235294117645,5.0588235294117645,0.2107843137254902,0.4987019934889199,HP,1.0037263451892384,0.3764166666666667,0.514528441323547,-0.12488133984441346,0.0016153233927528635,HP,-5.232305010313692e-4,-0.1243581093433821,0.4992252239899513,-0.1228085573232846
data/A_HP_003.csv,9,22,101,1,5.7770562770562774,4.590909090909091,0.51010101010101,0.481320507939931,HP,0.6164735521171166,0.2702222222222222,0.529529291916244,-0.24845726983784688,-0.21008555072434032,HP,0.06805025449276424,-0.31650752433061113,0.4132702534471667,-0.14304803122494453
data/A_HP_004.csv,21,5,33,1,28.8,6.6,0.3142857142857143,0.20313032711958845,HP,2.9922077922077928,0.47628571428571426,0.7940266291566422,-0.32058395859469735,0.47599174957869267,HP,-0.1541817587340304,-0.16640219986066696,0.35731208585361884,0.11897362843209541
data/A_HP_005.csv,13,6,38,1,25.066666666666666,6.333333333333333,0.48717948717948717,0.20638153567207354,HP,2.029689608636977,0.3583076923076923,0.7907470918483075,-0.43531077202023416,0.3074296282762953,HP,-0.09958164362416551,-0.33572912839606867,0.30596317929623906,0.052344513011453264
data/A_HP_006.csv,37,15,116,1,31.923809523809524,7.733333333333333,0.209009009009009,0.3121548665821807,HP,3.2652731549283276,0.2809189189189189,0.6858369874833333,-0.4069262144989003,0.5139195178365088,HP,-0.16646720279902263,-0.24045901169987768,0.47862206938120333,-0.19770315046228443
data/A_HP_007.csv,17,7,30,1,5.904761904761905,4.285714285714286,0.25210084033613445,0.3940460477351683,HP,1.0304388422035482,0.4137647058823529,0.6080118505160086,-0.19218924638247875,0.01302222097529227,HP,-0.0042181170878925235,-0.18797112929458623,0.3982641648230609,0.01550054105929205
data/A_HP_008.csv,24,7,34,1,29.476190476190474,4.857142857142857,0.20238095238095238,0.35856222780040103,HP,4.840452847805789,0.33991666666666664,0.64129001988283,-0.3015211055329323,0.6848859938971452,HP,-0.22184612898192385,-0.07967497655100847,0.5804083567823248,-0.24049169011565819
data/A_HP_009.csv,22,13,82,1,15.564102564102564,6.3076923076923075,0.2867132867132867,0.3450675708940523,HP,1.7600204673375406,0.3379090909090909,0.6541303362038128,-0.31702333819685674,0.24551771826873423,HP,-0.07952733138031294,-0.23749600681654381,0.42459490227436525,-0.08668581136527437
data/A_HP_010.csv,31,17,73,1,4.845588235294118,4.294117647058823,0.13851992409867173,0.6129572443143341,HP,0.9721153596215332,0.327741935483871,0.42171102830639773,-0.059300820201794946,-0.012282194873832288,HP,0.003978410147734048,-0.063279230349529,0.6089788341666,-0.28123689868272905
data/A_HP_011.csv,19,3,37,9,9.333333333333334,12.333333333333334,0.6491228070175439,0.05520925307318093,HP,0.2655286865813182,0.9331578947368421,0.9443661718336482,-0.011632852189976992,-0.575888552733286,HP,0.18654001875831694,-0.19817287094829394,0.013217602553777397,0.9199402921830647
data/A_HP_012.csv,23,6,56,1,45.86666666666667,9.333333333333334,0.4057971014492754,0.1496588504959432,HP,2.920082815734989,0.43965217391304345,0.8482408195536031,-0.41068897559101336,0.4653951685397534,HP,-0.15074934734749387,-0.25993962824351946,0.3004081978434371,0.13924397606960637
data/A_HP_013.csv,22,10,83,4,14.9,8.3,0.37727272727272726,0.22097267084184977,HP,1.1179079956188391,0.6988181818181818,0.7760601219856147,-0.08020914733996845,0.048406062370400724,HP,-0.015679540320317435,-0.06452960701965102,0.2366522111621672,0.4621659706560146
data/A_HP_014.csv,19,10,58,1,16.844444444444445,5.8,0.30526315789473685,0.33273289185365473,HP,2.017664851784634,0.4066315789473684,0.665950228376878,-0.2606355291989768,0.30484902854679347,HP,-0.09874574383129027,-0.16188978536768656,0.431478635684945,-0.02484705673757659
data/A_HP_015.csv,7,2,5,1,4.5,2.5,0.35714285714285715,0.22411427238816645,HP,1.157142857142857,0.578,0.7729050453188946,-0.1978857276118336,0.06338697886439287,HP,-0.020532111934291372,-0.1773536156775422,0.24464638432245783,0.3333536156775421
data/A_HP_016.csv,21,5,33,1,28.8,6.6,0.3142857142857143,0.20313032711958845,HP,2.9922077922077928,0.472,0.7940266291566422,-0.3248696728804116,0.47599174957869267,HP,-0.1541817587340304,-0.17068791414638118,0.35731208585361884,0.11468791414638113
data/A_HP_017.csv,9,4,10,1,3,2.5,0.2777777777777778,0.4733316040486942,HP,0.8666666666666666,0.5573333333333333,0.5364974469466159,0.030664937382027524,-0.06214790674884452,HP,0.02013075557014717,0.010534181811880355,0.453200848478547,0.10413248485478632
data/A_HP_018.csv,21,14,113,4,10.532967032967033,8.071428571428571,0.3843537414965986,0.2590679636751101,HP,0.8033995082035538,0.703047619047619,0.7379995209186307,-0.037884417277270876,-0.09506843845516665,HP,0.030794271232829924,-0.0686786885101008,0.22827369244228016,0.4747739266053389
data/A_HP_019.csv,18,8,22,1,4.5,2.75,0.1527777777777778,0.6968029369218761,HP,1.3863636363636365,0.3178888888888889,0.3604173937048185,0.014691825810765002,0.14187715852457963,HP,-0.04595640543111995,0.06064823124188495,0.7427593423529961,-0.42487045346410723
data/A_HP_020.csv,17,15,94,1,7.6380952380952385,6.266666666666667,0.3686274509803922,0.34640402436417517,HP,0.7695452649144764,0.45576470588235296,0.6528543710848377,-0.19783126975347187,-0.11376582973189747,HP,0.03685067173417534,-0.2346819414876472,0.30955335262999983,0.14621135325235313
data/A_HP_021.csv,15,8,43,1,15.125,5.375,0.35833333333333334,0.31244920019603717,HP,1.8056201550387596,0.40186666666666665,0.6855511251127911,-0.28568413313729624,0.2566263938617206,HP,-0.08312561883308585,-0.2025585143042104,0.395574819029123,0.006291847637543646
data/A_HP_022.csv,18,15,61,1,2.4952380952380953,4.066666666666666,0.22592592592592592,0.5874832304029696,HP,0.47495879954896353,0.3923333333333333,0.44150132355953464,-0.02018343626369712,-0.3233440617532117,HP,0.10473659713942815,-0.12492003340312527,0.4827466332635414,-0.09041329993020808
data/A_HP_023.csv,8,8,36,3,2.2857142857142856,4.5,0.5625,0.31442715602110777,HP,0.2222222222222222,0.6685,0.6836311369280843,-0.01707284397889225,-0.6532125137753437,HP,0.2115865543680169,-0.22865939834690915,0.10284060165309086,0.5656593983469091
data/A_HP_024.csv,20,6,26,1,21.466666666666665,4.333333333333333,0.21666666666666667,0.36686768448530666,HP,3.8805128205128208,0.3024,0.6334364395657687,-0.33073231551469334,0.5888891226050492,HP,-0.19075112268847388,-0.13998119282621946,0.5576188071737805,-0.25521880717378054
data/A_HP_025.csv,40,17,90,1,18.220588235294116,5.294117647058823,0.1323529411764706,0.4989096516946363,HP,2.9861519607843134,0.18460000000000001,0.5143505654463985,-0.3164903483053637,0.47511190454468405,HP,-0.15389676208256128,-0.16259358622280243,0.6528064137771976,-0.4682064137771976
data/A_HP_026.csv,18,14,126,3,17.076923076923077,9,0.5,0.2115197178920891,HP,0.9487179487179487,0.733,0.7855691605771826,-0.05548028210791092,-0.022862882959504227,HP,0.007405673538557591,-0.06288595564646851,0.2041140443535315,0.5288859556464685
data/A_HP_027.csv,30,16,87,1,21.4625,5.4375,0.18125,0.46215244169578873,HP,3.2317097701149424,0.1838,0.546324388637106,-0.3540475583042113,0.5094323512061186,HP,-0.1650137338189015,-0.1890338244853098,0.6271661755146902,-0.44336617551469026
data/A_HP_028.csv,15,3,8,2,1.3333333333333333,2.6666666666666665,0.17777777777777778,0.3741652531061443,HP,0.4111111111111111,0.534,0.6265677661878474,-0.09183474689385568,-0.3860407853723299,HP,0.12504512375362514,-0.21687987064748082,0.24912012935251915,0.2848798706474809
data/A_HP_029.csv,34,14,73,1,14.95054945054945,5.214285714285714,0.15336134453781514,0.4662345670120336,HP,2.42750661908599,0.31770588235294117,0.5427258240438831,-0.21605955063502524,0.38516042277308127,HP,-0.12475995945404231,-0.09129959118098294,0.5909945264660759,-0.2732886441131347
data/A_HP_030.csv,15,13,41,1,5.8076923076923075,3.1538461538461537,0.21025641025641026,0.7244178303321192,HP,1.454283927454659,0.2517333333333333,0.3415463245558574,-0.023848836334547485,0.16264920438339778,HP,-0.05268482155566674,0.028835985221119256,0.7771026518877859,-0.5253693185544526
data/A_HP_031.csv,31,24,157,1,16.954710144927535,6.541666666666667,0.2110215053763441,0.43253524022790724,HP,2.0448766909949585,0.3463225806451613,0.572776477734102,-0.22114217912693146,0.3106671245511503,HP,-0.1006303232913947,-0.12051185583553677,0.5331655635193019,-0.18684298287414058
data/A_HP_032.csv,13,13,29,1,1.6923076923076923,2.230769230769231,0.17159763313609466,1.0480595060215132,HP,0.628443174862273,0.17015384615384616,0.16857992238858127,0.2182133521753593,-0.2017339860121854,HP,0.06534504177292016,0.15286831040243914,0.982714464248593,-0.8125606180947469
data/A_HP_033.csv,25,21,176,1,51.44761904761905,8.380952380952381,0.3352380952380952,0.2982440402763666,HP,4.0807316017316015,0.28392,0.6993921264576037,-0.41783595972363347,0.6107380312544864,HP,-0.19782835283998615,-0.22000760688364732,0.49607239311635276,-0.21215239311635276
data/A_HP_034.csv,8,8,28,1,5.428571428571429,3.5,0.4375,0.4517664074349767,HP,0.8724489795918369,0.3675,0.5555324076355933,-0.18073359256502336,-0.05925996096432215,HP,0.019195301204435366,-0.19992889376945872,0.43257110623054135,-0.06507110623054135
data/A_HP_035.csv,7,5,10,1,1.5,2,0.2857142857142857,0.6833244373595511,HP,0.5357142857142857,0.5351428571428571,0.3698666926170958,0.2184672945024082,-0.27106677228653797,HP,0.0878031010463678,0.1306641934560404,0.5955213363131833,-0.06037847917032613
data/A_HP_036.csv,13,7,26,1,6.238095238095238,3.7142857142857144,0.2857142857142857,0.444867004732066,HP,1.1996336996336996,0.3436923076923077,0.5616902303126327,-0.21144068757562628,0.07904865728704581,HP,-0.02560519382293497,-0.18583549375269132,0.47047219855500094,-0.12677989086269326
data/A_HP_037.csv,21,16,79,1,10.595833333333333,4.9375,0.23511904761904762,0.4925774522565111,HP,1.6414280691179424,0.28914285714285715,0.5197889146228563,-0.21827969060063174,0.21522185577103667,HP,-0.06971399035834397,-0.14856570024228777,0.5622914426148551,-0.27314858547199794
data/A_HP_038.csv,20,9,46,1,8.61111111111111,5.111111111111111,0.25555555555555554,0.37226323764467184,HP,1.2542270531400967,0.3704,0.6283550853881495,-0.2573367623553281,0.09837616408623782,HP,-0.03186569937346384,-0.22547106298186426,0.4041289370181357,-0.033728937018135674
data/A_HP_039.csv,11,5,22,2,5.3,4.4,0.4,0.286423645735193,HP,0.7227272727272726,0.6647272727272727,0.7109764427463602,-0.048849081537534256,-0.14102555650175486,HP,0.045680557167496055,-0.09452963870503031,0.24074308856769697,0.42398418415957573
data/A_HP_040.csv,18,7,13,1,2.142857142857143,1.8571428571428572,0.10317460317460317,0.9927638969211521,HP,1.0347985347985347,0.24188888888888888,0.1920849928889322,0.2346527858100409,0.014855805114701243,HP,-0.004812045927312799,0.2394648317373537,0.9975759428484648,-0.7556870539595759
data/A_HP_041.csv,10,10,43,1,6.9,4.3,0.43,0.4096259739055966,HP,0.9146511627906979,0.3676,0.5936364011971397,-0.2227740260944035,-0.0387445091698397,HP,0.012550000226642708,-0.2353240263210462,0.39707597367895386,-0.029475973678953882
data/A_HP_042.csv,32,20,80,1,11.368421052631579,4,0.125,0.7010833311070389,HP,2.486842105263158,0.156375,0.3574492484829482,-0.14254166889296116,0.3956482118924528,HP,-0.1281571313022678,-0.014384537590693358,0.8292404624093067,-0.6728654624093067
data/A_HP_043.csv,29,8,56,1,34.857142857142854,7,0.2413793103448276,0.25956200652742256,HP,3.7776213933849396,0.32862068965517244,0.7375090177766778,-0.411817303817405,0.5772184292334659,HP,-0.18697078819471638,-0.22484651562268862,0.4465327947221389,-0.11791210506696648
data/A_HP_044.csv,26,26,183,2,18.198461538461537,7.038461538461538,0.27071005917159763,0.39695215535067035,HP,1.8856329420894362,0.5630000000000001,0.6053191146521172,-0.04004784464932959,0.27545715672601256,HP,-0.08922522064191933,0.04917737599258974,0.4861773759925897,0.07682262400741036
data/A_HP_045.csv,16,6,42,2,14.8,7,0.4375,0.19463320371748835,HP,1.1892857142857143,0.64275,0.8026087441918622,-0.1626167962825116,0.07528620216410065,HP,-0.02438647112757942,-0.1382303251549322,0.21901967484506776,0.42373032515493225
data/A_HP_046.csv,39,16,184,2,66.93333333333334,11.5,0.2948717948717949,0.2034830425569148,HP,4.104050538833148,0.4862051282051282,0.7936707245896705,-0.310311829237957,0.6132127002034711,HP,-0.19862993986576266,-0.11168188937219437,0.40211298242267746,0.08409214578245072
data/A_HP_047.csv,26,10,85,2,16.27777777777778,8.5,0.3269230769230769,0.22369774340457688,HP,1.288964303670186,0.5775384615384616,0.7733232073593879,-0.19876379505696157,0.11024089025198716,HP,-0.035708884363018945,-0.16305491069394262,0.2594066277675958,0.31813183377086574
data/A_HP_048.csv,14,11,58,1,19.21818181818182,5.2727272727272725,0.37662337662337664,0.3624135319188918,HP,2.2721003134796236,0.4575714285714286,0.6376435118454569,-0.18001503950967968,0.3564275016115755,HP,-0.11545288150118212,-0.06456215800849756,0.4778664134200739,-0.020294984848645337
data/A_HP_049.csv,19,4,24,3,8.666666666666666,6,0.3157894736842105,0.1922657615346069,HP,0.9883040935672515,0.7451578947368421,0.8050025421859468,-0.06257634372855098,-0.005109405778480298,HP,0.001655022738753735,-0.0642313664673047,0.19061073879585316,0.5545471559409889
data/A_HP_050.csv,35,26,203,1,37.441538461538464,7.8076923076923075,0.2230769230769231,0.3687929235203571,HP,3.7257097385373252,0.24371428571428572,0.6316214281016119,-0.38749279076535714,0.5712090169955694,HP,-0.18502423817863567,-0.20246855258672147,0.5538171616989928,-0.31010287598470704
data/A_HP_051.csv,26,12,86,1,25.96969696969697,7.166666666666667,0.27564102564102566,0.29638065422112025,HP,2.6248441480999616,0.3260769230769231,0.7012143585606797,-0.3775424227019566,0.41910352197832584,HP,-0.13575470198262699,-0.2417877207193296,0.4321353562037472,-0.10605843312682411
data/A_PH_004.csv,22,51,165,1,9.343529411764706,3.235294117647059,0.14705882352941177,1.1235638892595536,PH,2.4632941176470586,0.09618181818181819,0.14013330958856327,0.21974570744137178,0.3915162697543024,PH,-0.1268187255286149,0.3465644329699867,1.2503826147881685,-1.1542007966063503
data/A_PH_005.csv,24,53,156,1,7.2082728592162555,2.943396226415094,0.12264150943396226,1.2643636064238386,PH,2.1486197945740764,0.09533333333333333,0.0972853215082161,0.3596969397571719,0.3321595724356162,PH,-0.10759208978684233,0.4672890295440142,1.371955696210681,-1.2766223628773476
data/A_PH_006.csv,88,5,44,1,156.2,8.8,0.1,0.1735855891797983,PH,15.974999999999998,0.4333181818181818,0.8239268227484404,-0.3930962290020199,1.2034408668304377,PH,-0.3898148015056033,-0.003281427496416578,0.5634003906854016,-0.13008220886721977
data/A_PH_007.csv,64,4,31,5,11.583333333333334,7.75,0.12109375,0.1678133385356455,PH,1.3136340725806452,0.769625,0.8297859113498508,-0.06256166146435449,0.1184744044996729,PH,-0.03837585854564606,-0.024185802918708428,0.20618919708129158,0.5634358029187084
data/M_AF_001.csv,26,9,66,1,22.25,7.333333333333333,0.28205128205128205,0.2550379286277797,AF,2.1783216783216783,0.5112307692307693,0.742003866196975,-0.23373130214145105,0.3381220135301266,AF,-0.10952342505707202,-0.12420787708437903,0.3645613536848517,0.14666941554591756
data/M_AF_002_01.csv,5,5,8,1,0.3,1.6,0.32,0.8346354610619855,AF,0.12749999999999997,0.4964,0.27279181340650044,0.33103546106198545,-0.8944898152300261,AF,0.28974034319694203,0.04129511786504342,0.5448951178650434,-0.0484951178650434
data/M_AF_002_04.csv,5,3,5,1,0.3333333333333333,1.6666666666666667,0.3333333333333333,0.5419022582702911,AF,0.13333333333333333,0.494,0.4782248322996736,0.03590225827029114,-0.8750612633917001,AF,0.2834471074533818,-0.24754484918309066,0.25845515081690934,0.23554484918309065
data/M_AF_002_06.csv,4,3,5,1,0.3333333333333333,1.6666666666666667,0.4166666666666667,0.5095637388993745,AF,0.11666666666666664,0.514,0.5052675397878609,0.023563738899374465,-0.9330532103693869,AF,0.3022316775333138,-0.27866793863393935,0.20733206136606064,0.3066679386339394
data/M_AF_002_08.csv,3,4,5,1,0.25,1.25,0.4166666666666667,0.8573304645672873,AF,0.11666666666666665,0.3333333333333333,0.25993054587979725,0.1906637979006206,-0.9330532103693868,AF,0.3022316775333138,-0.11156787963269321,0.5550987870339735,-0.2217654537006402
data/M_AF_002_09.csv,4,3,4,1,0.3333333333333333,1.3333333333333333,0.3333333333333333,0.677377822837864,AF,0.16666666666666669,0.6305,0.37408522516555487,0.3078778228378639,-0.7781512503836436,AF,0.25205631915138904,0.05582150368647487,0.4253215036864749,0.20517849631352503
data/M_AF_002_10.csv,5,3,5,1,0.3333333333333333,1.6666666666666667,0.3333333333333333,0.5419022582702911,AF,0.13333333333333333,0.47600000000000003,0.4782248322996736,0.017902258270291127,-0.8750612633917001,AF,0.2834471074533818,-0.2655448491830907,0.25845515081690934,0.2175448491830907
data/M_AF_002_12.csv,4,3,5,1,0.3333333333333333,1.6666666666666667,0.4166666666666667,0.5095637388993745,AF,0.11666666666666664,0.5255,0.5052675397878609,0.03506373889937442,-0.9330532103693869,AF,0.3022316775333138,-0.2671679386339394,0.20733206136606064,0.31816793863393933
data/M_AF_002_13.csv,4,3,5,1,0.3333333333333333,1.6666666666666667,0.4166666666666667,0.5095637388993745,AF,0.11666666666666664,0.527,0.5052675397878609,0.036563738899374476,-0.9330532103693869,AF,0.3022316775333138,-0.26566793863393934,0.20733206136606064,0.3196679386339394
data/M_AF_002_14.csv,5,4,7,1,0.25,1.75,0.35,0.6436162202970767,AF,0.09285714285714286,0.5028,0.39860774283504125,0.14641622029707668,-1.0321846833714012,AF,0.3343420342083485,-0.18792581391127183,0.30927418608872814,0.19352581391127188
data/M_AF_002_15.csv,5,3,5,1,0.3333333333333333,1.6666666666666667,0.3333333333333333,0.5419022582702911,AF,0.13333333333333333,0.4552,0.4782248322996736,-0.0028977417297088026,-0.8750612633917001,AF,0.2834471074533818,-0.2863448491830906,0.25845515081690934,0.19674484918309065
data/M_PA_001.csv,8,15,18,1,0.17142857142857143,1.2,0.15,2.0828729070751772,PA,0.12142857142857144,0.15675,0.006907741048830003,1.2396229070751772,-0.9156791142999641,PA,0.2966039146765655,0.9430189923986116,1.7862689923986117,-1.6295189923986118
data/M_PA_002.csv,4,5,10,1,0.5,2,0.5,0.5804820237218405,PA,0.125,0.5145,0.44703355936925815,0.0949820237218405,-0.9030899869919435,PA,0.2925260839347612,-0.1975440602129207,0.28795593978707934,0.22654406021292062
data/M_PA_003.csv,15,23,42,1,0.8774703557312253,1.826086956521739,0.12173913043478261,1.6102792753111996,PA,0.42202145680406555,0.1312,0.03547434552635469,0.7414792753111996,-0.3746654676764559,PA,0.12136046642487824,0.6201188088863214,1.4889188088863214,-1.3577188088863215
data/M_PA_004.csv,48,40,259,1,29.691666666666666,6.475,0.13489583333333333,0.5303575915284297,PA,3.9670091966966967,0.1785,0.4877867084818076,-0.29114240847157036,0.5984632072979462,PA,-0.19385233025672685,-0.0972900782148435,0.7242099217851565,-0.5457099217851565
data/M_PL_001.csv,101,83,336,1,14.046429620922716,4.048192771084337,0.04008111654538948,1.06953425490292,PL,3.330728994565214,0.06584158415841584,0.16007119352587187,0.135375839061336,0.5225392976707777,PL,-0.16925929492230846,0.30463513398364445,1.2387935498252285,-1.1729519656668126
data/M_PL_002.csv,64,42,182,1,11.739837398373984,4.333333333333333,0.06770833333333333,0.8329974204930175,PL,2.5257582864290185,0.09984375,0.273737072642096,-0.06715882950698249,0.4023917864833917,PL,-0.13034148889145997,0.06318265938447748,0.9633389093844775,-0.8634951593844775
data/M_PL_003.csv,25,35,74,1,2.104201680672269,2.1142857142857143,0.08457142857142858,1.6094295142677493,PL,0.9110624574153986,0.18288000000000001,0.035569321964836316,0.7923095142677493,-0.040451849172914826,PL,0.013103036460283494,0.7792064778074658,1.5963264778074657,-1.4134464778074658
data/M_PL_004.csv,102,11,102,1,77.61818181818182,9.272727272727273,0.09090909090909091,0.24665546988330192,PL,7.609625668449198,0.38382352941176473,0.7503505734236431,-0.36952100070493343,0.8813632935477853,PL,-0.2854884413502827,-0.08403255935465076,0.5321439112335846,-0.1483203818218199
data/M_PL_005.csv,275,95,861,1,145.84703247480402,9.063157894736841,0.03295693779904306,0.4941342632472146,PL,15.561944582170621,0.05890909090909091,0.5184491245049684,-0.4469566458436945,1.1920638644107049,PL,-0.3861295984663735,-0.060827047377320975,0.8802638617135881,-0.8213547708044971
data/M_PL_006.csv,61,16,97,1,39.92916666666667,6.0625,0.09938524590163934,0.4342116709628607,PL,5.931677792800405,0.1900655737704918,0.5712634144464853,-0.3757227552666475,0.7731775522334008,PL,-0.25044525440311266,-0.12527750086353484,0.6846569253659733,-0.4945913515954815
data/M_PL_007.csv,36,15,70,1,27.666666666666668,4.666666666666667,0.12962962962962962,0.541814627825364,PL,5.16005291005291,0.23855555555555555,0.47829702172453337,-0.21962981661908043,0.7126541548105848,PL,-0.23084070481277208,0.011210888193691648,0.7726553326381361,-0.5340997770825806
data/M_PL_008.csv,38,10,88,2,14.844444444444445,8.8,0.23157894736842105,0.2300316264107262,PL,1.2962254120148855,0.6182105263157894,0.7669696926741135,-0.15175784727348438,0.11268053138164143,PL,-0.03649912528711669,-0.11525872198636769,0.2665307516978429,0.35167977461794653
data/M_PL_009.csv,118,23,214,1,51.40316205533597,9.304347826086957,0.07885040530582167,0.32352452764692086,PL,5.089018895071278,0.3570508474576271,0.6748240597507834,-0.3194246248954521,0.706634063372795,PL,-0.22889069562366396,-0.09053392927178813,0.5524152232705848,-0.19536437581295768
data/M_PL_010.csv,76,30,424,3,51.08505747126437,14.133333333333333,0.18596491228070175,0.21750767310934113,PL,2.9423369745117514,0.6305526315789474,0.7795430234557239,-0.1519396953117115,0.4686924093128044,PL,-0.15181737926571207,-1.2231604599943768e-4,0.3693250523750532,0.26122757920389417
data/M_PL_011.csv,13,13,44,1,2.58974358974359,3.3846153846153846,0.2603550295857988,0.6542228936081489,PL,0.5659404697866237,0.3953846153846154,0.3907992453104407,0.04960750899276434,-0.24722924902882434,PL,0.08008172507085833,-0.030474216078093988,0.5741411685372906,-0.1787565531526752
data/M_PL_012.csv,55,28,121,1,25.04100529100529,4.321428571428571,0.07857142857142857,0.7403827818453798,PL,5.33932178932179,0.12563636363636363,0.3309370098506948,-0.1339808545182566,0.7274860956313589,PL,-0.23564502069263787,0.10166416617438129,0.9760278025380176,-0.8503914389016539
data/M_PL_013.csv,56,8,68,1,22,8.5,0.15178571428571427,0.22556456155947138,PL,2.1953781512605044,0.4732142857142857,0.7714494411458429,-0.30122115272624295,0.3415093377265797,PL,-0.11062063651603898,-0.19060051621020396,0.3361851980755104,0.1370290876387753
data/M_PL_014.csv,81,28,139,1,42.40608465608466,4.964285714285714,0.06128747795414462,0.6504494721552061,PL,8.018700971027998,0.13175308641975308,0.3935662690454091,-0.21779744142504076,0.904104018307987,PL,-0.2928545457870041,0.07505710436196333,0.9433040179422102,-0.8115509315224572
data/M_PL_015.csv,666,130,2809,1,271.7906380441264,21.607692307692307,0.032443982443982444,0.22159420082505046,PL,12.170326363883204,0.2948198198198198,0.7754357155092926,-0.4835859793551298,1.0853022245844695,PL,-0.35154770201899244,-0.13203827733613738,0.5731419028440429,-0.27832208302422307
data/M_PL_016.csv,179,25,326,1,68.79,13.04,0.07284916201117318,0.23774169463920553,PL,4.891005072488604,0.4320558659217877,0.759251319707068,-0.3302024394390068,0.6893981132307422,PL,-0.22330768056362157,-0.10689475887538522,0.46104937520282707,-0.028993509281039387
data/M_PL_017.csv,79,24,253,1,75.04166666666667,10.541666666666666,0.13343881856540085,0.2808812253887188,PL,6.168682560330883,0.31473417721518987,0.7164280893215835,-0.4043845973960913,0.7901924220767298,PL,-0.25595665782427923,-0.14842793957181205,0.5368378832129981,-0.2221037059978082
data/M_PL_018.csv,105,38,352,1,34.36130867709815,9.263157894736842,0.08822055137844612,0.37510552685313747,PL,3.382208900629953,0.2578857142857143,0.6256849572729746,-0.36700875886114825,0.529200428095851,PL,-0.17141694745515929,-0.19559181140598897,0.5465224743082968,-0.28863676002258254
data/M_PL_019.csv,85,39,262,1,31.681511470985154,6.717948717948718,0.07903469079939668,0.5234932824400512,PL,4.343226516430969,0.14887058823529412,0.4935208885675023,-0.3276361293246547,0.6378124801268312,PL,-0.20659822363624997,-0.12103790568840472,0.7300915060763011,-0.581220917841007
data/M_PL_020.csv,91,19,130,1,58.80701754385965,6.842105263157895,0.07518796992481203,0.41395210552072964,PL,7.948640832851359,0.15195604395604395,0.5896715044256712,-0.43409185052322646,0.9002928734040518,PL,-0.29162005165008037,-0.1424717988731461,0.70557215717081,-0.5536161132147661
data/M_PL_021.csv,677,90,1005,1,225.7134831460674,11.166666666666666,0.016494337764647957,0.39963547257307774,PL,19.87974525824069,0.06039290989660266,0.6028373741744043,-0.5399716175303196,1.2984108149883966,PL,-0.4205771700694161,-0.11939444746090355,0.8202126426424938,-0.7598197327458912
data/M_PL_022.csv,45,20,62,1,7.88421052631579,3.1,0.06888888888888889,0.9326833960891586,PL,2.3680890398038104,0.13048888888888888,0.2203329191399145,0.0631722849780475,0.37439802776729764,PL,-0.12127383812599242,0.1844461231040399,1.053957234215151,-0.9234683453262622
data/M_PL_023.csv,72,22,91,1,34.02813852813853,4.136363636363637,0.05744949494949495,0.7256077572739696,PL,7.7539699057556195,0.15333333333333332,0.3407479689727492,-0.12105890939269703,0.8895241111166858,PL,-0.28813186785209566,0.16707295845939862,1.0137396251260653,-0.860406291792732
data/M_PL_024.csv,18,10,29,1,3.433333333333333,2.9,0.16111111111111112,0.7281623878261292,PL,0.9931673052362707,0.24166666666666667,0.33903813119618753,-0.030170945507204117,-0.0029775857235829644,PL,9.644902543998057e-4,-0.031135435761603922,0.7271978975717294,-0.48553123090506267
data/M_PL_025.csv,44,12,113,2,51.17424242424242,9.416666666666666,0.21401515151515152,0.2345140587491431,PL,4.271381859626027,0.5666363636363636,0.7624802890584791,-0.1988495776144933,0.6305683988946851,PL,-0.20425174350130423,0.0054021658868109446,0.43876580225044737,0.12787056138591624
data/M_PL_026.csv,54,104,181,1,2.9513629574309186,1.7403846153846154,0.03222934472934473,2.6253618795929317,PL,1.6411558904887502,0.10111111111111111,7.31525450813668e-4,1.7264729907040428,0.2151498358754449,PL,-0.06969066189902506,1.796163652603068,2.6950525414919566,-2.5939414303808457
data/M_PL_027.csv,60,17,108,1,9.492647058823529,6.352941176470588,0.10588235294117647,0.4219183487554556,PL,1.3360021786492375,0.35,0.5824015751999105,-0.22808165124454444,0.12580716635402567,PL,-0.04075106383036498,-0.18733058741417946,0.46266941258582056,-0.11266941258582058
data/M_PL_028.csv,139,40,331,1,46.97371794871795,8.275,0.059532374100719425,0.4323809535682882,PL,5.3386418125550685,0.11663309352517985,0.5729158225670082,-0.450985952906532,0.7274307835570685,PL,-0.23562710417853677,-0.2153588487279952,0.668008057746825,-0.5513749642216452
data/M_PL_029.csv,118,48,303,1,16.815159574468087,6.3125,0.05349576271186441,0.596705870234866,PL,2.5212863030352803,0.17352542372881355,0.4342747847635711,-0.2297687060363205,0.40162216450565763,PL,-0.1300921953476277,-0.0996765106886928,0.7267980655824937,-0.5532726418536802
data/M_PL_030.csv,53,27,93,1,3.41025641025641,3.4444444444444446,0.0649895178197065,0.9254148632922846,PL,0.9257299811164691,0.21566037735849056,0.223947571701299,0.14107524065077515,-0.03351567078233334,PL,0.010856291250730177,0.13021894940004497,0.9145585720415544,-0.6988981946830639
data/M_PL_031.csv,49,47,145,1,4.1665124884366325,3.0851063829787235,0.06296135475466783,1.2082658744519232,PL,1.2654938705202325,0.11093877551020408,0.11286793919914605,0.3192046499621273,0.10226004597338273,PL,-0.0331237542464848,0.35232840420861206,1.241389628698408,-1.130450853188204
data/M_PL_032.csv,33,6,42,1,54.4,7,0.21212121212121213,0.22774006296854535,PL,6.122943722943723,0.4303030303030303,0.769267060326565,-0.3419569067284244,0.7869602677768536,PL,-0.25490970851287675,-0.08704719821554763,0.4826497714814221,-0.052346741178391776
data/M_PL_033.csv,34,12,128,2,27.87878787878788,10.666666666666666,0.3137254901960784,0.19412973118136603,PL,1.7936720142602496,0.5551176470588235,0.8031177274936319,-0.2507526217598105,0.2537430321197635,PL,-0.082191649316104,-0.1685609724437065,0.27632138049747,0.2787962665613535
data/M_PL_034.csv,128,25,265,2,111.5,10.6,0.0828125,0.29091266688989953,PL,9.647774174528303,0.401671875,0.7065701519592454,-0.30741545811010046,0.9844271293831366,PL,-0.3188725566947919,0.01145709858469146,0.6097852235846914,-0.20811334858469144
data/M_PL_035.csv,36,60,165,1,6.22457627118644,2.75,0.0763888888888889,1.4312336170731388,PL,2.0905773840095874,0.07972222222222222,0.06100170924245268,0.510955839295361,0.3202662478617234,PL,-0.10373964129037044,0.6146954805857314,1.5349732583635092,-1.455251036141287
data/M_PL_036.csv,12,9,22,1,0.7777777777777778,2.4444444444444446,0.2037037037037037,0.803840935624553,PL,0.25336700336700335,0.36516666666666664,0.290946919553428,0.1690076022912197,-0.5962499450513314,PL,0.1931354172723637,-0.024127814981143997,0.6107055183521893,-0.2455388516855227
data/M_PL_037.csv,40,9,55,1,6.111111111111111,6.111111111111111,0.1527777777777778,0.3313219576240629,PL,0.8472222222222222,0.44175,0.6673071902269014,-0.2269280423759371,-0.07200266142050143,PL,0.023322876880050816,-0.2502509192559879,0.3079990807440121,0.13375091925598787
data/M_PL_038.csv,42,7,62,2,20.476190476190474,8.857142857142858,0.2108843537414966,0.1956203571307279,PL,1.8242996123180453,0.6462380952380953,0.8016109355858316,-0.15814154763117683,0.26109616584041256,PL,-0.08457345339203524,-0.07356809423914158,0.28019381052276315,0.3660442847153321
data/M_PL_039.csv,51,16,112,2,15.066666666666666,7,0.13725490196078433,0.36823325739959334,PL,1.8569561157796453,0.5386666666666666,0.6321488363738412,-0.09310007593374003,0.2688016404657139,PL,-0.08706938663176253,-0.006030689301977504,0.4553026440313559,0.08336402263531073
data/M_PL_040.csv,43,28,96,1,9.216931216931217,3.4285714285714284,0.07973421926910298,0.9326098866511838,PL,2.4739243673352203,0.11995348837209302,0.22036925956162834,0.05256337502327679,0.3933864182716563,PL,-0.12742449818697435,0.17998787321025114,1.0600343848381582,-0.9400808964660652
data/M_PL_041.csv,43,30,122,1,13.995402298850575,4.066666666666666,0.09457364341085271,0.7961564548874155,PL,3.116017896503521,0.11665116279069768,0.2956044048417502,-0.08719238232188686,0.493599943329925,PL,-0.1598853497796683,0.07269296745778145,0.9560418046670838,-0.8393906418763861
data/M_PL_042.csv,6,11,21,1,1.0909090909090908,1.9090909090909092,0.3181818181818182,1.0434916366554006,PL,0.38961038961038963,0.38466666666666666,0.17043382731729223,0.4281583033220673,-0.4093694704528194,PL,0.13260167845829354,0.29555662486377376,0.910889958197107,-0.5262232915304403
data/M_PL_043.csv,82,27,219,1,25.102564102564102,8.11111111111111,0.0989159891598916,0.3858906831610619,PL,2.7887078396600615,0.29197560975609754,0.6155955559725608,-0.3221337070828406,0.4454030175755706,PL,-0.1442735523378908,-0.17786015474494982,0.5301642354989526,-0.2381886257428551
data/M_PL_044.csv,609,109,1024,1,125.83367312266395,9.394495412844037,0.015426100842108435,0.4955103301494994,PL,13.187781221581787,0.041852216748768475,0.5172663664025859,-0.4626374531017321,1.1201717338117354,PL,-0.3628425243843191,-0.09979492871741302,0.8583528545338185,-0.81650063778505
data/M_PL_045.csv,26,16,57,1,13.329166666666667,3.5625,0.13701923076923078,0.7236424378505,PL,3.2288602114260008,0.17776923076923076,0.3420672160443288,-0.09858833138026923,0.5090492433075108,PL,-0.16488963870665527,0.06630130732638603,0.8885320765571553,-0.7107628457879245
data/M_PL_046.csv,44,15,248,4,48.55238095238095,16.533333333333335,0.37575757575757573,0.1306121439956884,PL,1.8331727412372572,0.7839090909090909,0.8676341273651996,-0.0854787650952207,0.2632033907840415,PL,-0.08525601910487479,-2.227459903459128e-4,0.2158681631005632,0.5680409278085277
data/M_PL_047.csv,186,18,350,1,372.6143790849673,19.444444444444443,0.10454002389486261,0.1407349152853391,PL,17.159722096723993,0.4101182795698925,0.8573242080006146,-0.44914680514476835,1.2345102501306018,PL,-0.39987869896651734,-0.049268106178251,0.5406136142518565,-0.130495334681964
data/M_PL_048.csv,236,29,596,1,449.6847290640394,20.551724137931036,0.08708357685563997,0.15660251252473303,PL,19.97518902280826,0.18796610169491526,0.8411779255272204,-0.6554313857803518,1.3004908976818572,PL,-0.42125094394947565,-0.2341804418308761,0.5778534564742087,-0.3898873547792935
data/M_PL_049.csv,225,36,510,1,116.02857142857142,14.166666666666666,0.06296296296296296,0.2449045956773468,PL,7.674569561157796,0.27115555555555554,0.7520969029712735,-0.4839398487670976,0.8850540268259428,PL,-0.28668393213000354,-0.19725591663709408,0.5315885278073503,-0.2604329722517948
data/M_PL_050.csv,35,13,69,1,14.23076923076923,5.3076923076923075,0.15164835164835164,0.44560528581276565,PL,2.2745660136964485,0.3026857142857143,0.5610297565005679,-0.2517089999015201,0.356898545680401,PL,-0.11560546062264176,-0.13610353927887836,0.5612107464354075,-0.2585250321496932
data/M_PL_051.csv,90,13,158,1,196.30769230769232,12.153846153846153,0.13504273504273503,0.19644599240851782,PL,13.970702152980635,0.4212,0.8007765422024985,-0.3823540075914822,1.145218233852321,PL,-0.3709555083379433,-0.011398499253538918,0.5674015007464611,-0.1462015007464611
data/M_PL_052.csv,39,14,72,1,9.516483516483516,5.142857142857143,0.13186813186813187,0.4785188117024472,PL,1.6064149525687987,0.35528205128205126,0.5319678021191176,-0.16619913701550154,0.20585773791257045,PL,-0.06668079459037327,-0.09951834242512828,0.5451996062928205,-0.18991755501076923
data/M_PL_053.csv,294,98,546,1,34.20618556701031,5.571428571428571,0.018950437317784258,0.8151204529805194,PL,6.023224198481931,0.03999319727891156,0.28420256967995305,-0.14488634974056902,0.7798290289270798,PL,-0.25259977992948485,0.10771343018891583,1.0677202329100042,-1.0277270356310926
data/M_PL_054.csv,318,112,709,1,70.69168275418275,6.330357142857143,0.019906783468104223,0.7379325221095178,PL,10.944791450001583,0.04408805031446541,0.33255097349197105,-0.21797942757601685,1.0392074906205864,PL,-0.3366168399668262,0.11863741239080933,1.074549362076344,-1.0304613117618786
data/M_PL_055.csv,195,63,391,1,39.16641065028162,6.2063492063492065,0.03182743182743183,0.6568832169607675,PL,6.10984704930749,0.07485128205128205,0.3888557121436984,-0.26826550098795043,0.7860303384793487,PL,-0.2546084887234277,-0.013657012264522761,0.9114917056841951,-0.836640423632913
data/M_PL_056.csv,365,90,836,1,100.1852684144819,9.28888888888889,0.025449010654490106,0.4782386646103857,PL,10.511015216035993,0.08504657534246575,0.5322119439132822,-0.43671476004714854,1.0216446647845876,PL,-0.3309279443543906,-0.10578681569275794,0.8091666089647763,-0.7241200336223106
data/M_PL_057.csv,883,113,1817,1,530.5739570164349,16.079646017699115,0.018210244640655848,0.2913131624429902,PL,32.39574272255924,0.06864779161947905,0.7061774447817003,-0.6400390459375307,1.5104879412688879,PL,-0.4892725294871519,-0.1507665164503788,0.7805856919301422,-0.7119379003106631
data/M_PL_058.csv,81,31,297,1,58.58494623655914,9.580645161290322,0.11827956989247312,0.3367875829894577,PL,5.391656107068294,0.11725925925925926,0.6620561991361793,-0.5459531577512831,0.7317221840529528,PL,-0.23701716120467886,-0.3089359965466042,0.5738047441941365,-0.45654548493487723
data/M_PL_059.csv,13,12,62,2,7.606060606060606,5.166666666666667,0.3974358974358974,0.3773416833790047,PL,0.8870591773817582,0.7063076923076923,0.6235875038521843,0.083649375686697,-0.052047406602241233,PL,0.01685903315463256,0.06679034253206445,0.36048265022437215,0.34582504208332016
data/M_PL_060_01.csv,39,10,84,1,22.044444444444444,8.4,0.2153846153846154,0.24340470363994846,PL,2.059096459096459,0.42635897435897435,0.7535936840375467,-0.3302363220010771,0.31367669177203406,PL,-0.10160517289236962,-0.2286311491087075,0.34500987653231807,0.08134909782665628
data/M_PL_060_02.csv,38,11,92,1,35.654545454545456,8.363636363636363,0.22009569377990432,0.2538477705425445,PL,3.324765966299147,0.2925263157894737,0.7431875097869234,-0.4536259136679818,0.5217610802791138,PL,-0.16900721717888045,-0.2846186964891013,0.42285498772142494,-0.13032867193195125
data/M_PL_060_03.csv,45,12,111,1,35.84090909090909,9.25,0.20555555555555555,0.23997051361206517,PL,3.078228228228229,0.3875111111111111,0.7570234272393276,-0.3725183752768237,0.48830081646543866,PL,-0.15816887318013814,-0.21434950209668555,0.3981393867922033,-0.010628275681092203
data/M_PL_060_04.csv,46,20,122,1,17.568421052631578,6.1,0.13260869565217392,0.45776952455971637,PL,2.4981468282252317,0.35795652173913045,0.5502010715273877,-0.18427395370115313,0.39761796038480607,PL,-0.12879516607300392,-0.0554787876281492,0.5865646906327203,-0.22860816889358987
data/M_PL_060_05.csv,54,32,127,1,5.644153225806452,3.96875,0.07349537037037036,0.8407579093563434,PL,1.3176274882642358,0.1985185185185185,0.2692790299887104,0.03927642787486196,0.1197926464811795,PL,-0.03880285936514686,0.07807928724000882,0.8795607687214902,-0.6810422502029717
data/M_PL_060_06.csv,45,25,89,1,9.423333333333334,3.56,0.0791111111111111,0.8679220998175197,PL,2.4375963379109447,0.1467111111111111,0.25407783699349523,0.014633210928630791,0.3869617887588149,PL,-0.12534345228989482,0.13997666321852562,0.9932655521074145,-0.8465544409963034
data/M_PL_060_07.csv,39,28,93,1,2.9669312169312168,3.3214285714285716,0.08516483516483517,0.9598901122108336,PL,0.8171944542912284,0.20497435897435898,0.2071836949766333,0.16486447118519265,-0.08767458927269085,PL,0.028399278731852082,0.13646519245334057,0.9314908334789815,-0.7265164745046225
data/M_PL_060_08.csv,28,18,68,1,7.594771241830065,3.7777777777777777,0.1349206349206349,0.7122382958713115,PL,1.7391387927720108,0.27414285714285713,0.34978827972381804,-0.013618846985831379,0.24033424245684362,PL,-0.07784831610801046,0.06422946912217908,0.790086611979322,-0.5159437548364648
data/M_PL_060_09.csv,40,17,69,1,12.683823529411764,4.0588235294117645,0.10147058823529412,0.6619914780271094,PL,2.807904411764706,0.21665,0.3851406746694349,-0.12135852197289054,0.448382319216412,PL,-0.14523859840684195,0.023880076433951403,0.8072300764339514,-0.5905800764339514
data/M_PL_060_10.csv,25,13,46,1,9.76923076923077,3.5384615384615383,0.14153846153846153,0.6722736925898805,PL,2.370100334448161,0.21456,0.37773024673769157,-0.11316630741011957,0.37476673156910606,PL,-0.121393267508256,0.008226960098136435,0.7936669600981364,-0.5791069600981364
data/M_PL_060_11.csv,20,13,33,1,2.269230769230769,2.5384615384615383,0.12692307692307692,0.9448607036623301,PL,0.7804778554778554,0.2141,0.21437355465634178,0.15896070366233006,-0.10763941467741976,PL,0.03486622253170476,0.1240944811306253,0.9099944811306253,-0.6958944811306254
data/M_PL_060_12.csv,26,10,52,1,9.733333333333333,5.2,0.2,0.3968788907121605,PL,1.4974358974358974,0.3273076923076923,0.6053869370742528,-0.2758134169801472,0.17534824008590028,PL,-0.05679825348084422,-0.219015163499303,0.4536771441930047,-0.1263694518853124
data/M_PL_060_13.csv,31,6,29,1,16.166666666666668,4.833333333333333,0.15591397849462366,0.3409934893744468,PL,2.823322209862811,0.3224516129032258,0.658025762357045,-0.33655489772232744,0.45076044455860625,PL,-0.1460089133294725,-0.19054598439285494,0.48700240270391926,-0.16455078980069343
data/M_PL_060_14.csv,37,10,83,1,27.788888888888888,8.3,0.22432432432432434,0.2449879380743172,PL,2.5970078512247183,0.3894594594594595,0.7520137545241666,-0.36555260246622334,0.41447326258210104,PL,-0.134254882841357,-0.23129771962486634,0.3792428209156742,0.010216638543785295
data/M_PL_060_15.csv,37,13,118,2,19.743589743589745,9.076923076923077,0.24532224532224534,0.2462938360221515,PL,1.6415307093273197,0.6191891891891892,0.7507111874697037,-0.13451697478865932,0.21524901180897485,PL,-0.06972278665721525,-0.06479418813144407,0.31601662267936675,0.30317256650982244
data/M_PL_060_16.csv,39,16,101,2,13.9625,6.3125,0.16185897435897437,0.4026304563592118,PL,1.8538683676059915,0.45871794871794874,0.600072591079723,-0.13865159492283952,0.268078894181798,PL,-0.08683527691605575,-0.05181631800678377,0.48946573327526754,-0.030747784557318802
data/M_PL_060_17.csv,35,16,90,1,11.183333333333334,5.625,0.16071428571428573,0.45214025012896725,PL,1.6686243386243387,0.2486857142857143,0.5551996756538009,-0.29917403558531847,0.2223585739314654,PL,-0.0720256937829053,-0.22714834180241317,0.5241659439118725,-0.27548022962615826
data/M_PL_060_18.csv,28,19,68,1,9.701754385964913,3.5789473684210527,0.12781954887218044,0.7689335497065424,PL,2.364293085655315,0.1995,0.31251397662179503,-0.031566450293457615,0.3737013121386322,PL,-0.12104816017871665,0.08948170988525904,0.889981709885259,-0.690481709885259
data/M_PL_060_19.csv,13,17,39,1,3.3455882352941178,2.2941176470588234,0.17647058823529413,1.122496712923613,PL,1.200980392156863,0.272,0.14050728234144733,0.394496712923613,0.07953591693863377,PL,-0.02576302544524451,0.4202597383688575,1.1482597383688575,-0.8762597383688575
data/M_PL_060_20.csv,18,11,28,1,3.4727272727272727,2.5454545454545454,0.1414141414141414,0.8737301293351133,PL,1.1713564213564214,0.25022222222222223,0.2509086487563672,0.12395235155733553,0.06868906268623233,PL,-0.022249546342198702,0.14620189789953422,0.895979675677312,-0.6457574534550897
data/M_PL_060_21.csv,22,5,18,1,8.3,3.6,0.16363636363636364,0.4093991630027627,PL,1.9282828282828286,0.35245454545454546,0.5938445983536144,-0.23814629154269185,0.28517073379611696,PL,-0.09237161214469819,-0.14577467939799366,0.5017707751474609,-0.14931622969291547
data/M_PL_060_22.csv,31,12,47,1,9.901515151515152,3.9166666666666665,0.12634408602150538,0.5934631463542042,PL,2.2086427070984382,0.24387096774193548,0.4368077332383285,-0.16266588590386033,0.3441254655835787,PL,-0.11146804446884954,-0.051197841435010785,0.7049311908230537,-0.46106022308111816
data/M_PL_060_23.csv,27,11,43,1,7.090909090909091,3.909090909090909,0.1447811447811448,0.5678525865884727,PL,1.5513272257458304,0.29385185185185186,0.4571134695607183,-0.13829556155967548,0.19070341441361957,PL,-0.06177205352172915,-0.07652350803794633,0.6296246401102019,-0.33577278825835005
data/M_PL_060_24.csv,24,13,39,1,3.3333333333333335,3,0.125,0.8003577869868169,PL,0.9722222222222223,0.24633333333333332,0.29305171657839757,0.046691120320150215,-0.012234456417011586,PL,0.003962946856115277,0.04272817346403494,0.7963948401307016,-0.5500615067973683
data/M_PL_061_01.csv,12,4,9,1,1.5833333333333333,2.25,0.1875,0.5563710436925221,PL,0.5717592592592593,0.4513333333333333,0.4663882350903854,0.007704377025855469,-0.24278679355524632,PL,0.07864273878880589,-0.07093836176295042,0.4777283049037162,-0.026394971570382897
data/M_PL_061_02.csv,17,4,13,2,3.5833333333333335,3.25,0.19117647058823528,0.38433798340329633,PL,0.8917797888386124,0.6174117647058823,0.6170438998874114,0.0017497481091786615,-0.04974237465890513,PL,0.01611239441714132,-0.014362646307962659,0.36822558898615504,0.2491861757197273
data/M_PL_061_03.csv,14,5,16,2,0.7,3.2,0.22857142857142856,0.4429860941962997,PL,0.16874999999999998,0.5704285714285714,0.5633745778487148,0.013414665624871092,-0.7727562184969375,PL,0.25030877729702966,-0.23689411167215857,0.19267731689927003,0.37775125452930136
data/M_PL_061_04.csv,14,7,19,1,0.9047619047619048,2.7142857142857144,0.19387755102040816,0.6449230843788916,PL,0.26870748299319724,0.4072857142857143,0.3976405029152877,0.052208798664605816,-0.5707202391217159,PL,0.18486591477851852,-0.1326571161139127,0.460057169600373,-0.05277145531465871
data/M_PL_061_05.csv,22,11,42,1,9.363636363636363,3.8181818181818183,0.17355371900826447,0.5717922256385638,PL,2.0267611176702083,0.38545454545454544,0.45395533878239797,-0.042753228906890706,0.3068025639908216,PL,-0.0993785269221235,0.05662529801523279,0.6711707525606873,-0.2857162071061418
data/M_PL_061_06.csv,24,10,49,2,1.8777777777777778,4.9,0.20416666666666666,0.4201205852807632,PL,0.3049792139077853,0.6268333333333334,0.5840386465571483,0.046953918614096535,-0.5157297593180435,PL,0.16705357055771458,-0.12009965194361805,0.2530670147230486,0.37376631861028475
data/M_PL_061_07.csv,23,8,49,1,8.696428571428571,6.125,0.266304347826087,0.2919660786914006,PL,1.0417194828241856,0.46043478260869564,0.7055373700973091,-0.24759913869990374,0.017750786657333498,PL,-0.005749779293785372,-0.24184935940611837,0.297715857985186,0.16271892462350962
data/M_PL_061_08.csv,19,5,24,3,9.2,4.8,0.25263157894736843,0.29089329324815205,PL,1.432456140350877,0.6652631578947368,0.7065891505496227,-0.04384354885711117,0.15608133340019553,PL,-0.05055737732953334,0.006713828472422169,0.3414506705776854,0.32381248731705137
data/M_PL_061_09.csv,10,5,11,1,3.2,2.2,0.22,0.6477618559997225,PL,1.1345454545454545,0.2682,0.3955444386546982,-0.08403814400027754,0.05482190018818013,PL,-0.01775773843903082,-0.06628040556124672,0.6655195944387533,-0.3973195944387533
data/M_PL_061_10.csv,14,4,13,2,2.25,3.25,0.23214285714285715,0.3748644155488699,PL,0.5315934065934065,0.5607142857142857,0.6259112847487214,-0.06442129873684438,-0.2744204142941259,PL,0.08888940227606747,-0.15331070101291183,0.28597501327280245,0.2747392724414833
data/M_PL_061_11.csv,12,5,11,1,1.7,2.2,0.18333333333333332,0.6622407770475953,PL,0.631060606060606,0.30033333333333334,0.38495993762050634,-0.03742588961907134,-0.19992892979906232,PL,0.06476035361015382,-0.10218624322922516,0.5974804234374415,-0.2971470901041081
data/M_PL_061_12.csv,12,6,19,1,1.7666666666666666,3.1666666666666665,0.2638888888888889,0.4873559406746962,PL,0.410672514619883,0.5466666666666666,0.5242955033367439,0.03402260734136281,-0.38650436251853815,PL,0.12519528421286535,-0.09117267687150254,0.3621606564618308,0.1845060102048358
data/M_PL_061_13.csv,19,6,23,2,1.7666666666666666,3.8333333333333335,0.20175438596491227,0.41849459828641633,PL,0.3678871090770404,0.605578947368421,0.58552108528544,0.024073545654837325,-0.4342854297682016,PL,0.14067237806851035,-0.11659883241367303,0.277822220217906,0.327756727150515
data/M_PL_061_14.csv,11,5,14,1,1.2,2.8,0.2545454545454545,0.4980663820558746,PL,0.31948051948051953,0.4365454545454545,0.5150730917407572,-0.06538816339867082,-0.4955556180691027,PL,0.1605188258242952,-0.225906989222966,0.3375475562315794,0.09899789831387512
data/M_PL_061_15.csv,18,5,28,3,7.3,5.6,0.3111111111111111,0.2399225837823682,PL,0.898015873015873,0.7091111111111111,0.757071321053591,-0.05096630510652067,-0.0467159868268155,PL,0.015132096336395477,-0.06609840144291615,0.22479048744597271,0.4843206236651384
data/M_PL_061_16.csv,19,7,32,2,12.619047619047619,4.571428571428571,0.24060150375939848,0.37211365170499316,PL,2.0962562656641603,0.5428421052631579,0.628495738401079,-0.08504424303184893,0.3214443737127962,PL,-0.10412125613115121,0.01907701309930228,0.47623490783614436,0.06660719742701354
data/M_PL_061_17.csv,13,8,15,1,1.2678571428571428,1.875,0.14423076923076922,1.0269816375445826,PL,0.5786630036630036,0.23784615384615385,0.17726505863973516,0.2648277913907364,-0.2375742830047304,PL,0.0769543186747817,0.18787347271595473,0.950027318869801,-0.7121811650236471
data/M_PL_061_18.csv,18,10,30,1,2,3,0.16666666666666666,0.7016251742507411,PL,0.5555555555555556,0.33866666666666667,0.35707464443243175,0.040291840917407784,-0.25527250510330607,PL,0.08268707142110372,-0.04239523050369594,0.6189381028296373,-0.2802714361629707
data/M_PL_061_19.csv,21,10,40,1,6.444444444444445,4,0.19047619047619047,0.5188934715837494,PL,1.3042328042328042,0.3071428571428571,0.49738357917092385,-0.1739636712733934,0.11535511944000466,PL,-0.03736546948550348,-0.13659820178788992,0.5562589410692529,-0.24911608392639578
data/M_PL_061_20.csv,14,10,19,1,1.6555555555555554,1.9,0.1357142857142857,1.127653391605801,PL,0.7530910609857979,0.21285714285714286,0.1387074593463283,0.34051053446294377,-0.12315250734166769,PL,0.03989117498622688,0.3006193594767169,1.087762216619574,-0.8749050737624311
data/M_PL_061_21.csv,18,10,35,1,2.0555555555555554,3.5,0.19444444444444445,0.5916175887055508,PL,0.47310405643738973,0.39,0.43825317833115085,-0.018382411294449175,-0.32504332825491794,PL,0.10528701822975754,-0.12366942952420672,0.48633057047579326,-0.09633057047579324
data/M_PL_061_22.csv,18,9,22,1,2.0277777777777777,2.4444444444444446,0.13580246913580246,0.8363464184031186,PL,0.7168911335578002,0.20977777777777779,0.27180692314533345,0.04612419618089647,-0.14454679089410566,PL,0.046821144398278815,-6.969482173823441e-4,0.7895252740048398,-0.5797474962270621
data/M_PL_061_23.csv,26,9,37,1,9.61111111111111,4.111111111111111,0.1581196581196581,0.49099419442483955,PL,1.9681797181797185,0.3453846153846154,0.5211532886750071,-0.16362119019054505,0.29406475214926936,PL,-0.0952525347512676,-0.06836865543927745,0.5862467291761071,-0.2408621137914917
data/M_PL_061_24.csv,18,10,40,1,5.555555555555555,4,0.2222222222222222,0.509009351075701,PL,1.0802469135802468,0.46355555555555555,0.5057380840990023,-0.0274350933687435,0.03352303414366346,PL,-0.01085867636770138,-0.01657641700104212,0.5198680274434023,-0.05631247188784677
data/M_PL_061_25.csv,11,4,15,3,0.9166666666666666,3.75,0.3409090909090909,0.30229943192542386,PL,0.16111111111111112,0.7187272727272728,0.6954315230490338,0.021026704652696626,-0.7928745072043499,PL,0.2568254304498907,-0.23579872579719408,0.0687729336321354,0.6499543390951373
data/M_PL_061_26.csv,13,6,24,1,6,4,0.3076923076923077,0.37481197604390626,PL,1.0384615384615383,0.42107692307692307,0.6259605133203575,-0.20411110087917061,0.01639041618816929,PL,-0.005309132346330456,-0.19880196853284016,0.3801211083902367,0.040955814686686354
data/M_PL_061_27.csv,13,5,16,1,6.2,3.2,0.24615384615384617,0.43813654355640475,PL,1.460576923076923,0.34600000000000003,0.5677283126899396,-0.21586345644359517,0.16452443456400595,PL,-0.053292240250493304,-0.16257121619310186,0.49142878380689803,-0.145428783806898
data/M_PL_061_28.csv,19,7,31,1,16.952380952380953,4.428571428571429,0.23308270676691728,0.38592865251979036,PL,2.935726412806209,0.4532631578947368,0.6155601563376105,-0.16080818958547283,0.4677155802137718,PL,-0.15150096783924358,-0.00930722174622925,0.537429620359034,-0.08416646246429715
data/M_PL_061_29.csv,18,7,30,1,5.238095238095238,4.285714285714286,0.23809523809523808,0.3975458475227761,PL,0.9312169312169313,0.45566666666666666,0.6047696434340737,-0.14678748581055723,-0.030949136359094295,PL,0.010024947447866623,-0.15681243325842384,0.38752090007490947,0.0681457665917572
data/M_PL_061_30.csv,13,6,23,2,3.3666666666666667,3.8333333333333335,0.2948717948717949,0.394497025906704,PL,0.6192865105908583,0.646,0.6075936486208713,0.04049702590670401,-0.20810837976720578,PL,0.06740981546045187,-0.02691278955374786,0.3270872104462521,0.3189127895537479
data/M_PL_061_31.csv,19,4,27,4,6.916666666666667,6.75,0.35526315789473684,0.16623534527453138,PL,0.6606562703053932,0.791578947368421,0.8313884548801214,-0.042185707357047575,-0.18002443875485347,PL,0.05831295312764921,-0.10049866048469679,0.10792239214688217,0.6836565552215389
data/M_PL_061_32.csv,18,5,19,1,4.7,3.8,0.2111111111111111,0.37706445958267826,PL,0.9757309941520468,0.44355555555555554,0.6238473757319447,-0.17937998486176626,-0.01066989940134228,PL,0.003456160441163605,-0.18283614530292985,0.37360829914151467,0.06994725641404087
data/M_PL_061_34.csv,7,2,7,2,4.5,3.5,0.5,0.14285714285714285,PL,0.6428571428571429,0.726,0.8551635130181067,-0.13114285714285717,-0.1918855262389131,PL,0.06215495948681232,-0.1932978166296695,0.08070218337033053,0.6452978166296695
data/M_PL_061_35.csv,13,8,14,1,1.3571428571428572,1.75,0.1346153846153846,1.1063472276657733,PL,0.6711145996860284,0.17892307692307693,0.1462628373785583,0.2852703045888503,-0.1732033132711589,PL,0.05610347549583645,0.22916682909301384,1.0502437521699368,-0.8713206752468599
data/M_PL_061_36.csv,17,6,22,2,1.0666666666666667,3.6666666666666665,0.21568627450980393,0.4338311326393389,PL,0.2281639928698752,0.5904705882352941,0.5716067063491057,0.024301720874633004,-0.6417528916082931,PL,0.2078745893986509,-0.18357286852401788,0.22595654324068803,0.36451404499460605
data/M_PL_061_37.csv,19,10,37,1,4.011111111111111,3.7,0.19473684210526315,0.5595403430699262,PL,0.8729729729729729,0.4245263157894737,0.46381758488160574,-0.015933341140600188,-0.058999201735892126,PL,0.019110836890755444,-0.035044178031355636,0.5404295061791707,-0.11590319038969704
data/M_PL_061_38.csv,23,9,38,2,4.944444444444445,4.222222222222222,0.18357487922705315,0.471016006616552,PL,0.9560767861683193,0.4955652173913043,0.5385256996873644,-0.03341877599214366,-0.019507226479122824,PL,0.006318719787131452,-0.03973749577927511,0.4646972868294206,0.03086793056188375
data/M_PL_061_39.csv,23,6,34,3,3.066666666666667,5.666666666666667,0.2463768115942029,0.27540768694207385,PL,0.40784313725490196,0.6903478260869566,0.7218239909712918,-0.0342444869709696,-0.3895068411351748,PL,0.12616783769532405,-0.16041232466629365,0.1492398492467498,0.5411079768402067
data/M_PL_061_40.csv,26,8,46,1,8.785714285714286,5.75,0.22115384615384615,0.3199886477698032,PL,1.1900382226469184,0.4643076923076923,0.6782424419896391,-0.2157036599225045,0.07556091065139885,PL,-0.024475453841561943,-0.19122820608094257,0.34446410161136515,0.11984359069632716
data/M_PL_061_41.csv,9,3,8,2,1.3333333333333333,2.6666666666666665,0.2962962962962963,0.3473783897014396,PL,0.35185185185185186,0.5673333333333334,0.6519246963493017,-0.08528827696522706,-0.45364015887013953,PL,0.14694170138219975,-0.2322299783474268,0.20043668831923983,0.3668966450140935
data/M_PL_061_42.csv,11,5,11,1,2.7,2.2,0.2,0.65568794900098,PL,0.9818181818181819,0.2732727272727273,0.38972818671861875,-0.07103932372629262,-0.007968929671275292,PL,0.0025812707741941564,-0.07362059450048677,0.6531066782267859,-0.37983395095405864
data/M_PL_061_43.csv,16,8,21,1,1.6964285714285714,2.625,0.1640625,0.7252458685641213,PL,0.5402317176870748,0.33325,0.34099064077701136,0.05849586856412137,-0.2674199214219871,PL,0.08662182452080859,-0.028125955956687224,0.6386240440433127,-0.30537404404331275
data/M_PL_061_44.csv,11,9,18,1,1.75,2,0.18181818181818182,0.9954003916153362,PL,0.7159090909090908,0.36218181818181816,0.19091091919725714,0.3575822097971544,-0.14514212269658697,PL,0.047013982413681626,0.3105682273834728,0.9483864092016546,-0.5862045910198365
data/M_PL_061_45.csv,23,10,41,1,3.8777777777777778,4.1,0.1782608695652174,0.509913032530162,PL,0.7772004241781549,0.45608695652173914,0.5049711905788047,-0.0340000109480989,-0.10946697104422914,PL,0.035458198873878015,-0.06945820982197692,0.47445483365628394,-0.018367877134544797
data/M_PL_061_46.csv,21,12,42,1,2.272727272727273,3.5,0.16666666666666666,0.6490120541196828,PL,0.5411255411255412,0.34076190476190477,0.3946234926889661,-0.01022604111841241,-0.2667019668840878,PL,0.08638926693248407,-0.09661530805089648,0.5626227871871987,-0.22186088242529395
data/M_PL_061_47.csv,26,8,45,1,15.982142857142858,5.625,0.21634615384615385,0.32806602689394804,PL,2.226572039072039,0.43438461538461537,0.6704423421825287,-0.2375493577214366,0.3476367509675077,PL,-0.11260540904794245,-0.12494394867349415,0.4406714359418905,-0.006286820557275141
data/M_PL_061_48.csv,14,8,28,2,1.1428571428571428,3.5,0.25,0.5163044656399733,PL,0.24489795918367346,0.5602857142857143,0.49956477990657855,0.07659017992568762,-0.6110148339808888,PL,0.197918013913349,-0.1213278339876614,0.31838645172662433,0.24189926255908994
data/M_PL_062.csv,1044,455,15197,17,56.57973568281938,33.4,0.03199233716475096,0.18029537637733364,PL,1.6398089132383873,0.7998409961685824,0.8171224441812579,-0.01986362745408396,0.21479324270548292,PL,-0.06957515535474999,0.04971152790066603,0.24987053173208362,0.5499704644364988
data/M_PL_063.csv,9,54,116,1,1.9776380153738644,2.1481481481481484,0.23868312757201646,1.6252706946142499,PL,0.7008870360999326,0.43822222222222224,0.0338345125822226,1.0634929168364722,-0.15435197283473456,PL,0.049997208264199636,1.0134957085722724,1.5752734863500502,-1.1370512641278279
data/M_PL_064.csv,8,13,27,1,0.7435897435897436,2.076923076923077,0.25961538461538464,1.0666472398326472,PL,0.2650759734093067,0.34375,0.16119537678289925,0.4103972398326472,-0.5766296351059922,PL,0.18678006784255374,0.22361717199009346,0.8798671719900935,-0.5361171719900935
data/M_PL_065.csv,5,20,40,1,0.9473684210526315,2,0.4,1.1728982001601143,PL,0.28421052631578947,0.2368,0.12368404465242344,0.40969820016011427,-0.5463598411298605,PL,0.17697517085455422,0.23272302930556005,0.9959230293055601,-0.7591230293055601
data/M_PL_066.csv,5,30,70,1,0.9195402298850575,2.3333333333333335,0.4666666666666667,1.082135071059155,PL,0.2101806239737274,0.358,0.1552353987667211,0.44013507105915506,-0.677407322985007,PL,0.21942366129157606,0.220711409767579,0.862711409767579,-0.504711409767579
data/M_PL_067.csv,5,30,54,1,1.3379310344827586,1.8,0.36,1.5242194370532849,PL,0.47570881226053635,0.306,0.04627981540839308,0.8302194370532849,-0.3226588034241678,PL,0.10451463040481007,0.7257048066484748,1.4197048066484748,-1.1137048066484747
data/M_PL_068.csv,9,30,78,1,2.2482758620689656,2.6,0.28888888888888886,1.1084815166300916,PL,0.6149130562923667,0.266,0.14549177859960102,0.37448151663009166,-0.2111862855932915,PL,0.06840680108867683,0.30607471554141485,1.0400747155414147,-0.7740747155414147
data/M_PL_069_01.csv,6,17,27,1,0.5073529411764706,1.588235294117647,0.2647058823529412,1.5356934000177072,PL,0.23488562091503268,0.19499999999999998,0.04469339523335101,0.7306934000177071,-0.6291435687838931,PL,0.20379021698834773,0.5269031830293593,1.3319031830293595,-1.1369031830293594
data/M_PL_069_02.csv,4,9,14,1,0.2777777777777778,1.5555555555555556,0.3888888888888889,1.11539568071961,PL,0.10912698412698414,0.368,0.14301572394664983,0.4833956807196099,-0.9620678469512813,PL,0.3116300078640072,0.17176567285560274,0.8037656728556027,-0.43576567285560275
data/M_PL_069_03.csv,4,6,12,1,1.6,2,0.5,0.646240625180289,PL,0.4,0.3255,0.39666682240151147,-0.02825937481971097,-0.3979400086720376,PL,0.12889948294691317,-0.15715885776662414,0.5173411422333758,-0.19184114223337578
data/M_PL_070.csv,8,7,36,2,6.142857142857143,5.142857142857143,0.6428571428571429,0.23624143501279468,PL,0.4265873015873015,0.75825,0.7607518091526244,-0.005508564987205339,-0.36999207652992006,PL,0.11984667618195341,-0.12535524116915875,0.11639475883084127,0.6418552411691587
data/M_PL_071.csv,8,43,88,1,0.7596899224806202,2.046511627906977,0.2558139534883721,1.5912249062482104,PL,0.2762508809020437,0.285,0.03765751632940052,0.8762249062482104,-0.5586963284370168,PL,0.1809711672374767,0.6952537390107336,1.4102537390107337,-1.1252537390107338
data/M_PL_072_01.csv,67,38,166,1,14.617354196301564,4.368421052631579,0.06520031421838178,0.8052492578994825,PL,3.127971856428495,0.09874626865671642,0.29009886427721576,-0.09600447344380103,0.49526283689011497,PL,-0.1604239890605477,0.06441951561674666,0.9656732469600302,-0.8669269783033138
data/M_PL_072_02.csv,63,32,149,1,23.910282258064516,4.65625,0.07390873015873016,0.7164613196805656,PL,4.755565886418073,0.10025396825396825,0.346916023771351,-0.18328471206546615,0.6772022030244407,PL,-0.21935721947551606,0.036072507410049914,0.9358185391560816,-0.8355645709021133
data/M_PL_072_03.csv,79,37,209,1,32.234234234234236,5.648648648648648,0.07150188162846391,0.6161169485559909,PL,5.298510793514125,0.09956962025316456,0.41929368820614005,-0.2843134311908446,0.7241538233669196,PL,-0.2345656414832994,-0.04974778970754523,0.8506825900392903,-0.7511129697861257
data/M_PL_072_04.csv,69,24,156,1,46,6.5,0.09420289855072464,0.4655222906728091,PL,6.410256410256411,0.1103768115942029,0.5433528834166583,-0.42410089773298804,0.8068754016455384,PL,-0.2613605563857974,-0.16274034134719062,0.7268828470586065,-0.6165060354644036
data/M_PL_072_05.csv,67,16,99,1,67.62916666666666,6.1875,0.09235074626865672,0.4270700891293873,PL,9.920575782702649,0.20170149253731343,0.5777219027819923,-0.3712284183332993,0.9965368790083894,PL,-0.322795108916974,-0.04843330941632529,0.7498651980463613,-0.5481637055090479
data/M_SD_001.csv,21,6,38,3,10.266666666666667,6.333333333333333,0.30158730158730157,0.23770175794617845,SD,1.1321637426900586,0.7113333333333334,0.7592912536708663,-0.05096490872048817,0.05390924258022107,SD,-0.017462113241237646,-0.03350279547925053,0.2551638711874161,0.45616946214591725
data/M_SD_002.csv,9,30,112,1,6.340229885057472,3.7333333333333334,0.4148148148148148,0.7052852364587023,SD,0.9938058748403578,0.22466666666666665,0.3545508815054146,-0.07004809687463098,-0.0026984402698901682,SD,8.740703321405255e-4,-0.07092216720677151,0.7044111661265618,-0.47974449945989517
data/M_SD_003.csv,16,24,64,1,5.797101449275362,2.6666666666666665,0.16666666666666666,1.0894398220898294,SD,1.811594202898551,0.13925,0.15248446259829931,0.22868982208982935,0.2580609222708012,SD,-0.08359028678849001,0.31228010887831936,1.1730301088783195,-1.0337801088783194
data/M_SD_004.csv,20,33,88,1,5.479166666666667,2.6666666666666665,0.13333333333333333,1.2216935527809405,SD,1.7807291666666671,0.1479,0.10896626093383038,0.3695935527809405,0.2505978720930451,SD,-0.0811728789175653,0.45076643169850583,1.3028664316985057,-1.1549664316985058
data/M_SD_005.csv,13,24,43,1,1.9981884057971016,1.7916666666666667,0.13782051282051283,1.6485447322567217,SD,0.9615611469757072,0.15476923076923077,0.031418934599284305,0.8033139630259525,-0.01702309317302361,SD,0.005514067096400647,0.7977998959295518,1.643030665160321,-1.4882614343910903
data/M_SD_006.csv,15,20,42,1,2.2,2.1,0.14,1.3241722476943412,SD,0.900952380952381,0.17253333333333334,0.08265111131756742,0.4967055810276745,-0.04529816266814531,SD,0.014672839169537323,0.48203274185813716,1.3094994085248037,-1.1369660751914703
data/M_SD_007.csv,7,71,138,1,0.9682092555331991,1.943661971830986,0.2776659959758551,1.8721637130159023,SD,0.3598210380294187,0.1897142857142857,0.014863773152403306,1.061877998730188,-0.4439134479026992,SD,0.14379105558847555,0.9180869431417125,1.7283726574274267,-1.538658371713141
data/M_SD_008.csv,10,15,100,2,4.380952380952381,6.666666666666667,0.6666666666666666,0.24649735207179274,SD,0.21904761904761907,0.6774,0.7505082401233796,-0.07610264792820726,-0.6594614630523451,SD,0.21361069447258932,-0.2897133424007966,0.06762204060796649,0.6097779593920335
data/M_SD_009.csv,18,6,27,3,1.1,4.5,0.25,0.34601458438664595,SD,0.18333333333333335,0.6805555555555556,0.6532260883014794,0.02657013994220153,-0.7367585652254186,SD,0.2386485300414561,-0.21207839009925455,0.10736605434518987,0.5731895012103657
data/M_SD_010.csv,14,49,220,2,8.421768707482993,4.489795918367347,0.3206997084548105,0.7188852336005206,SD,1.2742026680802194,0.31785714285714284,0.34527437563691876,0.03674237645766343,0.10523851012547909,SD,-0.03408852903870115,0.07083090549636459,0.7529737626392218,-0.43511661978207894
data/M_SD_011.csv,14,10,35,1,2.2777777777777777,3.5,0.25,0.5717087699750782,SD,0.48809523809523814,0.444,0.4540221099697616,0.015708769975078196,-0.31149542934214614,SD,0.10089862518855278,-0.08518985521347458,0.4708101447865255,-0.02681014478652549
data/M_SD_012.csv,29,34,130,1,9.058823529411764,3.823529411764706,0.13184584178498987,0.8600473689369499,SD,2.0568575440786394,0.1576551724137931,0.25842019567764474,0.017702541350743006,0.3132042139295495,SD,-0.10145212934743085,0.11915467069817386,0.9614994982843807,-0.8038443258705876
data/M_SD_013.csv,19,35,181,1,11.499159663865546,5.171428571428572,0.2721804511278195,0.5889906368065213,SD,1.6183754804626125,0.20021052631578945,0.44031541777807287,-0.2107988368776893,0.20907928994289318,SD,-0.06772430964778337,-0.14307452722990593,0.6567149464543047,-0.4565044201385153
data/M_SD_014.csv,17,15,104,3,10.923809523809524,6.933333333333334,0.40784313725490196,0.3040114952364944,SD,0.9329724197371256,0.6857647058823529,0.6937616499139159,-0.010223798881152657,-0.030131194552555234,SD,0.00976000229622081,-0.019983801177373466,0.2942514929402736,0.39151321294207936
data/M_SD_015.csv,27,4,61,8,24.916666666666668,15.25,0.5648148148148148,0.06171303620485782,SD,0.7110402752479256,0.910074074074074,0.9377686188267951,-0.028212889721068148,-0.14810579895723203,SD,0.047973967158352095,-0.07618685687942024,0.059038077900186184,0.8510359961738878
data/M_SD_016.csv,61,23,466,6,62.47430830039526,20.26086956521739,0.3321454027084818,0.12733088983137966,SD,2.0593269147073228,0.8087540983606557,0.8709770424509566,-0.06391501180796463,0.31372529561439905,SD,-0.10162091649696717,0.037705904689002534,0.22895180632834683,0.5798022920323089
data/M_SD_017.csv,8,15,65,2,1.9523809523809523,4.333333333333333,0.5416666666666666,0.4338942024823793,SD,0.20650183150183152,0.6035,0.5715498030416694,0.037394202482379346,-0.6850760921547391,SD,0.2219077050149413,-0.18451350253256196,0.211986497467438,0.391513502532562
data/M_SD_018.csv,32,28,59,1,3.136243386243386,2.107142857142857,0.06584821428571429,1.5287284540447867,SD,1.3903790859564162,0.0984375,0.04565073468600708,0.6271659540447867,0.14313322650819138,SD,-0.04636326704368819,0.6735292210884749,1.575091721088475,-1.476654221088475
data/M_SD_019.csv,40,168,636,1,15.642429426860565,3.7857142857142856,0.09464285714285714,1.2883891814302952,SD,3.7409017544425973,0.06655,0.09117082783379618,0.35493918143029524,0.5729763026746217,SD,-0.18559669182814312,0.5405358732584383,1.4739858732584383,-1.4074358732584384
data/M_SD_020.csv,33,24,125,1,24.867753623188406,5.208333333333333,0.15782828282828282,0.5606561503129427,SD,4.021040404040404,0.19787878787878788,0.46291444334234483,-0.24146506180826943,0.604338436983447,SD,-0.1957554162801268,-0.045709645528142634,0.7564115665930695,-0.5585327787142816
data/M_SD_021.csv,28,17,107,1,24.095588235294116,6.294117647058823,0.22478991596638656,0.3973989079043729,SD,2.9677143053483075,0.28664285714285714,0.60490561831460965,-0.3159582349527699,0.4724220901437898,SD,-0.15302548581492623,-0.1629327491378437,0.5504243937192991,-0.26378153657644193
data/M_SD_022.csv,110,206,1085,1,34.645441629173575,5.266990291262136,0.04788172992056487,0.9871442446342883,SD,6.262885656886636,0.028672727272727273,0.19460564830536667,0.015816971907015587,0.7967744827476929,SD,-0.25808869832969017,0.27390567023670576,1.2452329429639786,-1.2165602156912514
data/M_SD_023.csv,8,14,32,1,2.5274725274725274,2.2857142857142856,0.2857142857142857,0.9804142223278753,SD,0.7898351648351649,0.28475,0.19765696438956756,0.2651642223278754,-0.10246353462340665,SD,0.03318966765353623,0.23197455467433917,0.9472245546743391,-0.6624745546743391
data/M_SD_024.csv,7,11,35,1,1.9636363636363636,3.1818181818181817,0.45454545454545453,0.5651480501974434,SD,0.33662337662337666,0.34857142857142853,0.4592887128526575,-0.08628052123112806,-0.4728557279739261,SD,0.1531659484245475,-0.23944646965567556,0.4119821017728959,-0.06341067320146737
data/M_SD_025.csv,6,6,17,1,1.7666666666666666,2.8333333333333335,0.4722222222222222,0.4672757670833491,SD,0.3290849673202614,0.5756666666666667,0.5418098358789303,0.042942433750015774,-0.48269195592796205,SD,0.15635206861802656,-0.11340963486801078,0.31092369846532253,0.26474296820134413
data/M_SD_026.csv,3,2,3,1,0.5,1.5,0.5,0.3333333333333333,SD,0.16666666666666666,0.6719999999999999,0.6653730571622696,0.0053333333333332456,-0.7781512503836436,SD,0.25205631915138904,-0.2467229858180558,0.08127701418194427,0.5907229858180556
data/M_SD_027.csv,4,11,27,1,1.4727272727272727,2.4545454545454546,0.6136363636363636,0.6303772497698721,SD,0.2318181818181818,0.4135,0.4084873898924705,0.04387724976987206,-0.6348525047242699,SD,0.20563943766195458,-0.16176218789208252,0.4247378121079175,-0.011237812107917522
data/M_SD_028.csv,5,7,21,1,2,3,0.6,0.42473640327567297,SD,0.26666666666666666,0.596,0.5798396119597216,0.020736403275672943,-0.5740312677277188,SD,0.1859384128084614,-0.16520200953278846,0.23879799046721156,0.3572020095327884
data/M_SD_029.csv,5,3,5,1,1.3333333333333333,1.6666666666666667,0.3333333333333333,0.5419022582702911,SD,0.5333333333333333,0.5884,0.4782248322996736,0.13030225827029118,-0.27300127206373764,SD,0.08842971816354102,0.041872540106750164,0.45347254010675014,0.1349274598932499
data/M_SD_030.csv,4,4,7,1,2.25,1.75,0.4375,0.6023552099133023,SD,0.7232142857142858,0.4,0.4298826236327433,0.002355209913302292,-0.1407330037915318,SD,0.04558579440863622,-0.04323058449533393,0.5567694155046661,-0.15676941550466605
data/M_SD_031.csv,8,40,70,1,0.8589743589743589,1.75,0.21875,1.8678999683867272,SD,0.38347069597069594,0.1915,0.015086824038398877,1.0593999683867272,-0.4162678183238168,SD,0.1348361697242681,0.9245637986624591,1.733063798662459,-1.541563798662459
data/M_SD_032.csv,19,3,20,5,4.333333333333333,6.666666666666667,0.3508771929824561,0.13380522171938833,SD,0.4219298245614035,0.8348421052631578,0.8643814510887792,-0.03135267301745384,-0.37475977496264085,SD,0.1213910141460484,-0.15274368716350223,0.012414207573339928,0.8224278976898179
data/M_SD_033.csv,11,12,46,1,4.515151515151516,3.8333333333333335,0.3484848484848485,0.5272451051810593,SD,0.7673972930889927,0.414,0.4903822749206259,-0.058754894818940806,-0.1149797370618448,SD,0.037243876799677146,-0.09599877161861795,0.4900012283813821,-0.07600122838138212
data/M_SD_034.csv,88,32,374,1,59.189516129032256,11.6875,0.1328125,0.2763743524825808,SD,4.391735488183543,0.37327272727272726,0.7208701841557679,-0.350352920244692,0.6426361749115993,SD,-0.20816069976355678,-0.14219222048113522,0.4845350522461376,-0.11126232497341032
